{"cameraMode":{"drawMode":0,"name":"Shaded","section":"Shading Mode"},"sceneLighting":true,"audioPlay":false,"sceneViewState":{"showFog":true,"showMaterialUpdate":false,"showSkybox":true,"showFlares":true,"showImageEffects":true,"showParticleSystems":true},"in2DMode":false,"pivot":{"x":793.1835327148438,"y":222.24533081054688,"z":203.93008422851563},"rotation":{"x":0.35778626799583437,"y":-0.27678725123405459,"z":0.1121138408780098,"w":0.8848267197608948},"size":16.160985946655275,"orthographic":false}