{"cameraMode":{"drawMode":0,"name":"Shaded","section":"Shading Mode"},"sceneLighting":true,"audioPlay":false,"sceneViewState":{"showFog":true,"showMaterialUpdate":false,"showSkybox":true,"showFlares":true,"showImageEffects":true,"showParticleSystems":true},"in2DMode":false,"pivot":{"x":1044.248046875,"y":207.8912353515625,"z":921.553955078125},"rotation":{"x":0.0034290088806301357,"y":-0.35734519362449648,"z":0.00030727076227776706,"w":0.9342632293701172},"size":5.704579830169678,"orthographic":false}